Janice,Evans,3/20/1984,Female,07 Summerview Center,Minneapolis,MN,jevans0@redcross.org,Thoughtmix,jevans0,w47n113Qei
Ruby,Henry,5/13/1991,Female,20 Clemons Terrace,Winston Salem,NC,rhenry1@51.la,Rhycero,rhenry1,pKmhRUE3E
Jimmy,Ruiz,9/12/1990,Male,923 Bultman Hill,New York City,NY,jruiz2@xing.com,Eabox,jruiz2,Rb0EEs5hc
Charles,Wood,6/26/1986,Male,0245 Sheridan Alley,Chico,CA,cwood3@google.de,Skiba,cwood3,jKRqx6KP
Theresa,Miller,8/18/1992,Female,04483 Forest Run Place,Portland,OR,tmiller4@businessinsider.com,Vinte,tmiller4,GhxKRfWmX
Frank,Watson,6/23/1983,Male,5 Kedzie Drive,Glendale,CA,fwatson5@youtube.com,Demimbu,fwatson5,rA6ARTPm5
Mary,Ferguson,2/11/1988,Female,7661 Kipling Circle,Shreveport,LA,mferguson6@china.com.cn,Jayo,mferguson6,SlT65wpBMCy
Steve,Andrews,12/16/1980,Male,64857 Ruskin Lane,Riverside,CA,sandrews7@baidu.com,Shuffledrive,sandrews7,MaG6y5
Gloria,Fernandez,8/2/1983,Female,3628 Debs Hill,Silver Spring,MD,gfernandez8@google.ru,Shuffledrive,gfernandez8,sOn6vQMfF
Judith,Gonzales,2/2/1984,Female,3 Cascade Alley,Houston,TX,jgonzales9@google.com.br,Edgewire,jgonzales9,xdR7S2xPUjn
