Alan,Payne,12/25/1985,Male,0295 Eggendart Crossing,Fort Worth,TX,apayne0@epa.gov,apayne0,zT3oRPJTI
Todd,Chavez,12/21/1984,Male,5 Corben Court,Toledo,OH,tchavez1@utexas.edu,tchavez1,X9IVENlI2kg
Diane,Perez,1/21/1985,Female,1 Summer Ridge Junction,Greenville,SC,dperez2@mlb.com,dperez2,QAKtcWF
Sara,Gutierrez,8/4/1993,Female,526 Beilfuss Trail,Stockton,CA,sgutierrez3@army.mil,sgutierrez3,nSxrY7e3
Shawn,Moreno,8/7/1994,Male,06891 Larry Point,Charleston,WV,smoreno4@cnn.com,smoreno4,Zcukdz0bW2pg
Fred,Fields,3/21/1983,Male,34301 Knutson Hill,Tacoma,WA,ffields5@stanford.edu,ffields5,osaaP9KFqWf
Kimberly,Reynolds,12/28/1989,Female,6017 Nova Center,Miami,FL,kreynolds6@google.cn,kreynolds6,oOL7vvA5dz
Marilyn,Fuller,9/22/1984,Female,2 Shasta Junction,San Antonio,TX,mfuller7@ameblo.jp,mfuller7,ls8mYY
Thomas,Kelley,12/5/1992,Male,8 Sullivan Parkway,Camden,NJ,tkelley8@xing.com,tkelley8,VohoeLV
Terry,Hudson,2/22/1995,Male,86 Hansons Way,Charlotte,NC,thudson9@howstuffworks.com,thudson9,Dg2jh5Jfug
